timestamp,window,score
2024-10-13 00:00:00,train,0.4387923676217784
2024-10-13 01:00:00,train,0.4016977632618157
2024-10-13 02:00:00,train,0.4365399472782347
2024-10-13 03:00:00,train,0.4692591046785625
2024-10-13 04:00:00,train,0.43026489784395117
2024-10-13 05:00:00,train,0.39579535724136095
2024-10-13 06:00:00,train,0.41711322022560543
2024-10-13 07:00:00,train,0.43303384090931996
2024-10-13 08:00:00,train,0.42753380180920797
2024-10-13 09:00:00,train,0.41957770471553185
2024-10-13 10:00:00,train,0.4272161069122129
2024-10-13 11:00:00,train,0.40532307306958587
2024-10-13 12:00:00,train,0.4770884308475342
2024-10-13 13:00:00,train,0.4082005816411621
2024-10-13 14:00:00,train,0.48440260365802723
2024-10-13 15:00:00,train,0.47790282735458434
2024-10-13 16:00:00,train,0.39427793181027154
2024-10-13 17:00:00,train,0.4545023468578937
2024-10-13 18:00:00,train,0.4742408724496994
2024-10-13 19:00:00,train,0.4466013030330646
2024-10-13 20:00:00,train,0.43049133561444186
2024-10-13 21:00:00,train,0.45094338721279176
2024-10-13 22:00:00,train,0.4113731438169721
2024-10-13 23:00:00,train,0.45781153574537486
2024-10-14 00:00:00,train,0.4544625114455463
2024-10-14 01:00:00,train,0.4215603933812365
2024-10-14 02:00:00,train,0.42127221801534914
2024-10-14 03:00:00,train,0.3958309167278729
2024-10-14 04:00:00,train,0.39613962453390295
2024-10-14 05:00:00,train,0.3889784929668858
2024-10-14 06:00:00,train,0.397905265297875
2024-10-14 07:00:00,train,0.3933306651077161
2024-10-14 08:00:00,train,0.4038687045493626
2024-10-14 09:00:00,train,0.39142440268784806
2024-10-14 10:00:00,train,0.38000998616968235
2024-10-14 11:00:00,train,0.4151710511088735
2024-10-14 12:00:00,train,0.4113114645257901
2024-10-14 13:00:00,train,0.3805369859987044
2024-10-14 14:00:00,train,0.4143658992734915
2024-10-14 15:00:00,train,0.39723612681735304
2024-10-14 16:00:00,train,0.3920615460184252
2024-10-14 17:00:00,train,0.4107349209712713
2024-10-14 18:00:00,train,0.3942782169267501
2024-10-14 19:00:00,train,0.3941723555304831
2024-10-14 20:00:00,train,0.4262364859690136
2024-10-14 21:00:00,train,0.3928813242581439
2024-10-14 22:00:00,train,0.4285608497856248
2024-10-14 23:00:00,train,0.42148995806036965
2024-10-15 00:00:00,train,0.3779271273125836
2024-10-15 01:00:00,train,0.38439551025444535
2024-10-15 02:00:00,train,0.38290025225245045
2024-10-15 03:00:00,train,0.37479971491726044
2024-10-15 04:00:00,train,0.4160002511928325
2024-10-15 05:00:00,train,0.39757723231541714
2024-10-15 06:00:00,train,0.4458116240583601
2024-10-15 07:00:00,train,0.5897783217914073
2024-10-15 08:00:00,train,0.4826209692559288
2024-10-15 09:00:00,train,0.43762485365342174
2024-10-15 10:00:00,train,0.44856277845229375
2024-10-15 11:00:00,train,0.40247252100325986
2024-10-15 12:00:00,train,0.3912642977964556
2024-10-15 13:00:00,train,0.37723036095217805
2024-10-15 14:00:00,train,0.37989279177076085
2024-10-15 15:00:00,train,0.3915492678659052
2024-10-15 16:00:00,train,0.40364958793988903
2024-10-15 17:00:00,train,0.37603513238133424
2024-10-15 18:00:00,train,0.3981378473446566
2024-10-15 19:00:00,train,0.4289693208342734
2024-10-15 20:00:00,train,0.3835119692597306
2024-10-15 21:00:00,train,0.3794197568155031
2024-10-15 22:00:00,train,0.38235560602639324
2024-10-15 23:00:00,train,0.38654578189832567
2024-10-16 00:00:00,train,0.38059629462035827
2024-10-16 01:00:00,train,0.38183691766736955
2024-10-16 02:00:00,train,0.3971337977754834
2024-10-16 03:00:00,train,0.38996974346151486
2024-10-16 04:00:00,train,0.38708705961283874
2024-10-16 05:00:00,train,0.4110964158666393
2024-10-16 06:00:00,train,0.38828450274944437
2024-10-16 07:00:00,train,0.3866551486413541
2024-10-16 08:00:00,train,0.38196855113391054
2024-10-16 09:00:00,train,0.5285100921469568
2024-10-16 10:00:00,train,0.5319297022083442
2024-10-16 11:00:00,train,0.5132088672026296
2024-10-16 12:00:00,train,0.5190923984759834
2024-10-16 13:00:00,train,0.5481724686411007
2024-10-16 14:00:00,train,0.5489965938899953
2024-10-16 15:00:00,train,0.5525947962175588
2024-10-16 16:00:00,train,0.506348854382108
2024-10-16 17:00:00,train,0.5043778316879873
2024-10-16 18:00:00,train,0.4958686838731373
2024-10-16 19:00:00,train,0.45942872304708315
2024-10-16 20:00:00,train,0.46690494543780797
2024-10-16 21:00:00,train,0.4302055917981315
2024-10-16 22:00:00,train,0.3943814705219211
2024-10-16 23:00:00,train,0.39059317311508435
2024-10-17 00:00:00,train,0.38934656533112677
2024-10-17 01:00:00,train,0.3755367067583564
2024-10-17 02:00:00,train,0.407273633065839
2024-10-17 03:00:00,train,0.39395529134186347
2024-10-17 04:00:00,train,0.43816163341241043
2024-10-17 05:00:00,train,0.37108516010075193
2024-10-17 06:00:00,train,0.37933923979588724
2024-10-17 07:00:00,train,0.4153437601887023
2024-10-17 08:00:00,train,0.5246548463745037
2024-10-17 09:00:00,train,0.5097953029054314
2024-10-17 10:00:00,train,0.49924912496931284
2024-10-17 11:00:00,train,0.5243184473959879
2024-10-17 12:00:00,train,0.5168611192765542
2024-10-17 13:00:00,train,0.48025904653820306
2024-10-17 14:00:00,train,0.48785324908100874
2024-10-17 15:00:00,train,0.5659141654549747
2024-10-17 16:00:00,train,0.5370455026644194
2024-10-17 17:00:00,train,0.5979723592236781
2024-10-17 18:00:00,train,0.6007823125162128
2024-10-17 19:00:00,train,0.5022537264634325
2024-10-17 20:00:00,train,0.46137424489076306
2024-10-17 21:00:00,train,0.38283669326589487
2024-10-17 22:00:00,train,0.4288481839837861
2024-10-17 23:00:00,train,0.39856121057675437
2024-10-18 00:00:00,train,0.3808310085152019
2024-10-18 01:00:00,train,0.39598215549839805
2024-10-18 02:00:00,train,0.3875793682592073
2024-10-18 03:00:00,train,0.38602780813498416
2024-10-18 04:00:00,train,0.39796503410783957
2024-10-18 05:00:00,train,0.37302722929784476
2024-10-18 06:00:00,train,0.3835664056376822
2024-10-18 07:00:00,train,0.37945460437379225
2024-10-18 08:00:00,train,0.4999622227698146
2024-10-18 09:00:00,train,0.5350089634804328
2024-10-18 10:00:00,train,0.5127927367583077
2024-10-18 11:00:00,train,0.4986544870849664
2024-10-18 12:00:00,train,0.47656184957565156
2024-10-18 13:00:00,train,0.47382554173826263
2024-10-18 14:00:00,train,0.5615926380570609
2024-10-18 15:00:00,train,0.6147111840501968
2024-10-18 16:00:00,train,0.5956297959983269
2024-10-18 17:00:00,train,0.48755642779349834
2024-10-18 18:00:00,train,0.5462993566519974
2024-10-18 19:00:00,train,0.48173277607668225
2024-10-18 20:00:00,train,0.4773328371105246
2024-10-18 21:00:00,train,0.45641713688726704
2024-10-18 22:00:00,train,0.445090990413613
2024-10-18 23:00:00,train,0.4038656685124416
2024-10-19 00:00:00,train,0.3989668284973331
2024-10-19 01:00:00,train,0.43495598688820625
2024-10-19 02:00:00,train,0.473696984748126
2024-10-19 03:00:00,train,0.3880623061318441
2024-10-19 04:00:00,train,0.5345215331025278
2024-10-19 05:00:00,train,0.40490543448356614
2024-10-19 06:00:00,train,0.4122222826385896
2024-10-19 07:00:00,train,0.4093208337647347
2024-10-19 08:00:00,train,0.41037655386069666
2024-10-19 09:00:00,train,0.401875230727629
2024-10-19 10:00:00,train,0.4006017021668376
2024-10-19 11:00:00,train,0.40885626220858257
2024-10-19 12:00:00,train,0.45758154943621726
2024-10-19 13:00:00,train,0.40044530188277255
2024-10-19 14:00:00,train,0.3942263385928591
2024-10-19 15:00:00,train,0.3995128385480148
2024-10-19 16:00:00,train,0.4079954970886344
2024-10-19 17:00:00,train,0.3993945481096107
2024-10-19 18:00:00,train,0.40355562218874624
2024-10-19 19:00:00,train,0.4210746497589274
2024-10-19 20:00:00,train,0.3856086470932316
2024-10-19 21:00:00,train,0.38168771692895886
2024-10-19 22:00:00,train,0.38974341195878476
2024-10-19 23:00:00,train,0.37719199186957403
2024-10-20 00:00:00,train,0.4117943320022611
2024-10-20 01:00:00,train,0.3876857889062641
2024-10-20 02:00:00,train,0.3771251610975088
2024-10-20 03:00:00,train,0.4223248317589996
2024-10-20 04:00:00,train,0.41278808327752337
2024-10-20 05:00:00,train,0.40213713576693433
2024-10-20 06:00:00,train,0.3883450404839509
2024-10-20 07:00:00,train,0.4081687597918363
2024-10-20 08:00:00,train,0.3987054294748435
2024-10-20 09:00:00,train,0.381388618594878
2024-10-20 10:00:00,train,0.4278096938374318
2024-10-20 11:00:00,train,0.3900318004459024
2024-10-20 12:00:00,train,0.3904783343158116
2024-10-20 13:00:00,train,0.42567750999120635
2024-10-20 14:00:00,train,0.3998972906148584
2024-10-20 15:00:00,train,0.3954089742626869
2024-10-20 16:00:00,train,0.3757580499526259
2024-10-20 17:00:00,train,0.3751051701613747
2024-10-20 18:00:00,train,0.3700421816772487
2024-10-20 19:00:00,train,0.3840844583920139
2024-10-20 20:00:00,train,0.3956435620847353
2024-10-20 21:00:00,train,0.3809507629560257
2024-10-20 22:00:00,train,0.385266986433968
2024-10-20 23:00:00,train,0.38660081770057236
2024-10-21 00:00:00,train,0.3738159569544326
2024-10-21 01:00:00,train,0.4318238851947434
2024-10-21 02:00:00,train,0.37105197409625806
2024-10-21 03:00:00,train,0.3796065042641802
2024-10-21 04:00:00,train,0.371610370392012
2024-10-21 05:00:00,train,0.4113628413742896
2024-10-21 06:00:00,train,0.37626277577228523
2024-10-21 08:00:00,train,0.5197606784415547
2024-10-21 09:00:00,train,0.49985746307670953
2024-10-21 10:00:00,train,0.5074801596184856
2024-10-21 11:00:00,train,0.5102627185710057
2024-10-21 12:00:00,train,0.5519444401205573
2024-10-21 13:00:00,train,0.5409064929648457
2024-10-21 14:00:00,train,0.4912985056957059
2024-10-21 15:00:00,train,0.6370328210189804
2024-10-21 16:00:00,train,0.6069982047018596
2024-10-21 17:00:00,train,0.6186082389812168
2024-10-21 18:00:00,train,0.5589230268483018
2024-10-21 19:00:00,train,0.5158089431122801
2024-10-21 20:00:00,train,0.5845026513124808
2024-10-21 21:00:00,train,0.5287895340551403
2024-10-21 22:00:00,train,0.4232046201406445
2024-10-21 23:00:00,train,0.508637595563403
2024-10-22 00:00:00,train,0.4471906831578669
2024-10-22 01:00:00,train,0.5331356310018536
2024-10-22 02:00:00,train,0.516293765327714
2024-10-22 03:00:00,train,0.4880380835240811
2024-10-22 04:00:00,train,0.49964564394711275
2024-10-22 05:00:00,train,0.5020932556142456
2024-10-22 06:00:00,train,0.4751379358921619
2024-10-22 07:00:00,train,0.560087893867543
2024-10-22 08:00:00,train,0.5329900660912886
2024-10-22 09:00:00,train,0.5094646623573584
2024-10-22 10:00:00,train,0.5095674417464993
2024-10-22 11:00:00,train,0.496613315907138
2024-10-22 12:00:00,train,0.4740014404830279
2024-10-22 15:00:00,train,0.5069563115770268
2024-10-22 16:00:00,train,0.47840110378887923
2024-10-22 17:00:00,train,0.478515866040731
2024-10-22 18:00:00,train,0.47919956231406324
2024-10-22 19:00:00,train,0.483352304337741
2024-10-22 20:00:00,train,0.49891121558362783
2024-10-22 21:00:00,train,0.483280346207716
2024-10-22 22:00:00,train,0.48820062063770214
2024-10-22 23:00:00,train,0.4240775144795888
2024-10-23 00:00:00,train,0.41648726228592126
2024-10-23 01:00:00,train,0.49940432446127536
2024-10-23 02:00:00,train,0.49592133035097363
2024-10-23 03:00:00,train,0.5074535739470776
2024-10-23 04:00:00,train,0.5271897736551112
2024-10-23 05:00:00,train,0.5037952700112568
2024-10-23 06:00:00,train,0.4712608131022328
2024-10-23 07:00:00,train,0.4986973843316158
2024-10-23 09:00:00,train,0.3775817430733152
2024-10-23 11:00:00,train,0.38599183125501213
2024-10-23 12:00:00,train,0.390285987502461
2024-10-23 13:00:00,train,0.40317968721886854
2024-10-23 14:00:00,train,0.3955594184735006
2024-10-23 15:00:00,train,0.41246479786005624
2024-10-23 16:00:00,train,0.38074084793497726
2024-10-23 17:00:00,train,0.40400660369746194
2024-10-23 18:00:00,train,0.39133742887792017
2024-10-23 19:00:00,train,0.39414933543041303
2024-10-23 20:00:00,train,0.41589263649898944
2024-10-23 21:00:00,train,0.42419562372128833
2024-10-23 22:00:00,train,0.4745091189343805
2024-10-23 23:00:00,train,0.385273430638971
2024-10-24 00:00:00,train,0.44097523918551707
2024-10-24 01:00:00,train,0.5195728789126269
2024-10-24 02:00:00,train,0.5595551769109565
2024-10-24 03:00:00,train,0.5464807008945489
2024-10-24 04:00:00,train,0.5418307435957453
2024-10-24 05:00:00,train,0.5184616478568023
2024-10-24 06:00:00,train,0.5245342360734715
2024-10-24 07:00:00,train,0.4585065625918944
2024-10-24 08:00:00,train,0.4903696389423718
2024-10-24 09:00:00,train,0.4766345562778025
2024-10-24 10:00:00,train,0.47137398080450116
2024-10-24 11:00:00,train,0.4154785161643639
2024-10-24 12:00:00,train,0.39426480886502674
2024-10-24 13:00:00,train,0.4043175206238203
2024-10-24 14:00:00,train,0.3920264464408518
2024-10-24 15:00:00,train,0.3993497522298677
2024-10-24 16:00:00,train,0.4343678692252284
2024-10-24 17:00:00,train,0.448496032794517
2024-10-24 18:00:00,train,0.4216280187858707
2024-10-24 19:00:00,train,0.4053617335512879
2024-10-24 20:00:00,train,0.3737335733329345
2024-10-24 21:00:00,train,0.5087946880206627
2024-10-24 22:00:00,train,0.39076082137870444
2024-10-24 23:00:00,train,0.38208004149952945
2024-10-25 00:00:00,train,0.37772302463769836
2024-10-25 01:00:00,train,0.3999818808996457
2024-10-25 02:00:00,train,0.39193014188232006
2024-10-25 03:00:00,train,0.3859872253879311
2024-10-25 04:00:00,train,0.4335080255733617
2024-10-25 05:00:00,train,0.37309223571501776
2024-10-25 06:00:00,train,0.39205557679015207
2024-10-25 07:00:00,train,0.3900642500227474
2024-10-25 08:00:00,train,0.4476150123185459
2024-10-25 09:00:00,train,0.3802361185425479
2024-10-25 10:00:00,train,0.381552281251084
2024-10-25 11:00:00,train,0.384442776287703
2024-10-25 12:00:00,train,0.3799143720162784
2024-10-25 13:00:00,train,0.3908666360280345
2024-10-25 14:00:00,train,0.3809709320191592
2024-10-25 15:00:00,train,0.39154999017342423
2024-10-25 16:00:00,train,0.39896541962626597
2024-10-25 17:00:00,train,0.39957223047634965
2024-10-25 18:00:00,train,0.39764785520724283
2024-10-25 19:00:00,train,0.3907048900069384
2024-10-25 20:00:00,train,0.36942334226722595
2024-10-25 21:00:00,train,0.4764249865909742
2024-10-25 22:00:00,train,0.5757502895028889
2024-10-25 23:00:00,train,0.4590668002525801
2024-10-26 00:00:00,train,0.46129738224852207
2024-10-26 01:00:00,train,0.4445691498509975
2024-10-26 02:00:00,train,0.38067548008698937
2024-10-26 03:00:00,train,0.38133923288658284
2024-10-26 04:00:00,train,0.3952035788452602
2024-10-26 05:00:00,train,0.3935016718319881
2024-10-26 06:00:00,train,0.3792951064335898
2024-10-26 07:00:00,train,0.3850391392109836
2024-10-26 08:00:00,train,0.4048300524855574
2024-10-26 09:00:00,train,0.38246787792737813
2024-10-26 10:00:00,train,0.4205130101661442
2024-10-26 11:00:00,train,0.39144539290040126
2024-10-26 12:00:00,train,0.39981664078527274
2024-10-26 13:00:00,train,0.40394244828754605
2024-10-26 14:00:00,train,0.43728566137519886
2024-10-26 15:00:00,train,0.388062730227889
2024-10-26 16:00:00,train,0.42559844778300576
2024-10-26 17:00:00,train,0.4519350941424716
2024-10-26 18:00:00,train,0.4110984299410458
2024-10-26 19:00:00,train,0.4129116479300238
2024-10-26 20:00:00,train,0.4317384761365574
2024-10-26 21:00:00,train,0.4132109727758431
2024-10-26 22:00:00,train,0.38194657449613134
2024-10-26 23:00:00,train,0.398430621798609
2024-10-27 00:00:00,train,0.39366419071087944
2024-10-27 01:00:00,train,0.38188016718046436
2024-10-27 02:00:00,train,0.3799737468923201
2024-10-27 03:00:00,train,0.4323587153051067
2024-10-27 04:00:00,train,0.43992106257967567
2024-10-27 05:00:00,train,0.4244335572714389
2024-10-27 06:00:00,train,0.43583272276084545
2024-10-27 07:00:00,train,0.408649054347144
2024-10-27 08:00:00,train,0.4103501540487152
2024-10-27 09:00:00,train,0.3902041574074965
2024-10-27 10:00:00,train,0.41668267352528254
2024-10-27 11:00:00,train,0.4164693036899578
2024-10-27 12:00:00,train,0.3914920868569621
2024-10-27 13:00:00,train,0.38873639283021516
2024-10-27 14:00:00,train,0.41846772674688654
2024-10-27 15:00:00,train,0.3989199698403103
2024-10-27 16:00:00,train,0.37594259455535056
2024-10-27 17:00:00,train,0.38734640140367416
2024-10-27 18:00:00,train,0.40561411499114053
2024-10-27 19:00:00,train,0.42319628461531533
2024-10-27 20:00:00,train,0.39326101178084194
2024-10-27 21:00:00,train,0.427264617015532
2024-10-27 22:00:00,train,0.387191086656684
2024-10-27 23:00:00,train,0.38062119520556104
2024-10-28 00:00:00,train,0.3783750336195789
2024-10-28 01:00:00,train,0.40003303502404725
2024-10-28 02:00:00,train,0.37840592154546293
2024-10-28 03:00:00,train,0.3750416966209617
2024-10-28 04:00:00,train,0.45374561138235653
2024-10-28 05:00:00,train,0.3831255550069824
2024-10-28 06:00:00,train,0.37799316462295407
2024-10-28 07:00:00,train,0.38381079385444894
2024-10-28 08:00:00,train,0.38416355218033255
2024-10-28 09:00:00,train,0.3853606429297456
2024-10-28 10:00:00,train,0.4590056147069306
2024-10-28 11:00:00,train,0.43561056719677643
2024-10-28 12:00:00,train,0.41544877743406444
2024-10-28 13:00:00,train,0.42819155235036493
2024-10-28 16:00:00,train,0.4726365999622496
2024-10-28 17:00:00,train,0.4286587421990181
2024-10-28 18:00:00,train,0.45247690049576555
2024-10-28 19:00:00,train,0.3763343864127167
2024-10-28 20:00:00,train,0.415686709575198
2024-10-28 21:00:00,train,0.4185224210531265
2024-10-28 22:00:00,train,0.41462537937096655
2024-10-28 23:00:00,train,0.39561376902052897
2024-10-29 00:00:00,train,0.4070978341385317
2024-10-29 01:00:00,train,0.508711072722145
2024-10-29 02:00:00,train,0.5255392145292157
2024-10-29 03:00:00,train,0.5366876525173507
2024-10-29 04:00:00,train,0.5638685334582596
2024-10-29 05:00:00,train,0.5171987560469666
2024-10-29 06:00:00,train,0.5077193755727815
2024-10-29 07:00:00,train,0.49865289928969037
2024-10-29 08:00:00,train,0.4763202304277668
2024-10-29 09:00:00,train,0.4619534357022447
2024-10-29 10:00:00,train,0.41156904706027336
2024-10-29 11:00:00,train,0.4602356478909327
2024-10-29 12:00:00,train,0.42356308443918816
2024-10-29 13:00:00,train,0.38026287972795025
2024-10-29 14:00:00,train,0.5034728342829422
2024-10-29 15:00:00,train,0.5007228064814452
2024-10-29 16:00:00,train,0.5057126432529908
2024-10-29 17:00:00,train,0.5133310519427504
2024-10-29 18:00:00,train,0.48921675878355353
2024-10-29 19:00:00,train,0.5104521540048922
2024-10-29 20:00:00,train,0.5510797388186783
2024-10-29 21:00:00,train,0.6171665168910302
2024-10-29 22:00:00,train,0.6107211820369213
2024-10-29 23:00:00,train,0.6424291545755589
2024-10-30 00:00:00,train,0.6203431696531838
2024-10-30 01:00:00,train,0.5920183908641209
2024-10-30 02:00:00,train,0.6100283289627584
2024-10-30 03:00:00,train,0.5223705771058227
2024-10-30 04:00:00,train,0.5691463632909957
2024-10-30 05:00:00,train,0.5810571049980428
2024-10-30 06:00:00,train,0.5359532421769168
2024-10-30 07:00:00,train,0.5870757370090434
2024-10-30 08:00:00,train,0.5425325573801465
2024-10-30 09:00:00,train,0.5955073852155023
2024-10-30 10:00:00,train,0.509918271620538
2024-10-30 11:00:00,train,0.49850155516048816
2024-10-30 12:00:00,train,0.5169174577203768
2024-10-30 13:00:00,train,0.47640015142537095
2024-10-30 14:00:00,train,0.4677998634695142
2024-10-30 15:00:00,train,0.5151580394695807
2024-10-30 16:00:00,train,0.4743960020935846
2024-10-30 17:00:00,train,0.4578390199824229
2024-10-30 18:00:00,train,0.47335824359788925
2024-10-30 19:00:00,train,0.4935102676571813
2024-10-30 20:00:00,train,0.5029980576867792
2024-10-30 21:00:00,train,0.5034219926339589
2024-10-30 22:00:00,train,0.5115502048061232
2024-10-30 23:00:00,train,0.5182564757312537
2024-10-31 00:00:00,train,0.5323976953249838
2024-10-31 01:00:00,train,0.5174890116904856
2024-10-31 02:00:00,train,0.47704631355793
2024-10-31 03:00:00,train,0.5434924124457973
2024-10-31 04:00:00,train,0.4808484652464975
2024-10-31 05:00:00,train,0.5957660571505986
2024-10-31 06:00:00,train,0.540911526539035
2024-10-31 07:00:00,train,0.49476540852860235
2024-10-31 08:00:00,train,0.5541274706779372
2024-10-31 09:00:00,train,0.4943835752350016
2024-10-31 10:00:00,train,0.40981218494754196
2024-10-31 11:00:00,train,0.4503254204769769
2024-10-31 12:00:00,train,0.41548042705671984
2024-10-31 13:00:00,train,0.41234875002124366
2024-10-31 14:00:00,train,0.3994366818505573
2024-10-31 15:00:00,train,0.4011823313566205
2024-10-31 16:00:00,train,0.3909927431636232
2024-10-31 17:00:00,train,0.39552976341846885
2024-10-31 18:00:00,train,0.41285582469737775
2024-10-31 19:00:00,train,0.44749119603527904
2024-10-31 20:00:00,train,0.46801461677749173
2024-10-31 21:00:00,train,0.4638065495925314
2024-10-31 22:00:00,train,0.48684818348797226
2024-10-31 23:00:00,train,0.4986721487496379
2024-11-01 00:00:00,train,0.5141258092883987
2024-11-01 01:00:00,train,0.5267726387840317
2024-11-01 02:00:00,train,0.5086291521636479
2024-11-01 03:00:00,train,0.5278376877205663
2024-11-01 04:00:00,train,0.5405534439464651
2024-11-01 05:00:00,train,0.5198039861834145
2024-11-01 06:00:00,train,0.47571711724039056
2024-11-01 07:00:00,train,0.4929834762183849
2024-11-01 08:00:00,train,0.4803138522378612
2024-11-01 09:00:00,train,0.5165954964716754
2024-11-01 10:00:00,train,0.47511332477384755
2024-11-01 11:00:00,train,0.4282160126448612
2024-11-01 12:00:00,train,0.3936243834601592
2024-11-01 13:00:00,train,0.37793836312155343
2024-11-01 14:00:00,train,0.37014856807509167
2024-11-01 15:00:00,train,0.4024630162730177
2024-11-01 16:00:00,train,0.37776539203495463
2024-11-01 17:00:00,train,0.40744274790959356
2024-11-01 18:00:00,train,0.40395114827786166
2024-11-01 19:00:00,train,0.40991425957049277
2024-11-01 20:00:00,train,0.38666172301478674
2024-11-01 21:00:00,train,0.39314666641378104
2024-11-01 22:00:00,train,0.4004275358461668
2024-11-01 23:00:00,train,0.4023121661754045
2024-11-02 00:00:00,train,0.3873180704372691
2024-11-02 01:00:00,train,0.5364552048852481
2024-11-02 02:00:00,train,0.5612356651767867
2024-11-02 03:00:00,train,0.5062638560612066
2024-11-02 04:00:00,train,0.528939990477452
2024-11-02 05:00:00,train,0.5127138245882791
2024-11-02 06:00:00,train,0.46940793854475915
2024-11-02 07:00:00,train,0.470895766207171
2024-11-02 08:00:00,train,0.481226926661889
2024-11-02 09:00:00,train,0.45862535622536565
2024-11-02 10:00:00,train,0.4978164873604315
2024-11-02 11:00:00,train,0.42709004912838255
2024-11-02 12:00:00,train,0.40977949694639604
2024-11-02 13:00:00,train,0.42302298496123025
2024-11-02 14:00:00,train,0.36803876726814416
2024-11-02 15:00:00,train,0.3815613501811152
2024-11-02 16:00:00,train,0.4225878168970831
2024-11-02 17:00:00,train,0.3823096137173094
2024-11-02 18:00:00,train,0.43823739784868165
2024-11-02 19:00:00,train,0.3933587406078851
2024-11-02 20:00:00,train,0.3989808793412945
2024-11-02 21:00:00,train,0.41918672005261426
2024-11-02 22:00:00,train,0.3932681910450926
2024-11-02 23:00:00,train,0.40586053679131545
2024-11-03 00:00:00,train,0.3842594951500002
2024-11-03 02:00:00,train,0.5034977526657779
2024-11-03 03:00:00,train,0.5558341485247998
2024-11-03 04:00:00,train,0.5432829581208851
2024-11-03 05:00:00,train,0.521392806242718
2024-11-03 06:00:00,train,0.47143299901815855
2024-11-03 07:00:00,train,0.48178031314562103
2024-11-03 08:00:00,train,0.4648114324190772
2024-11-03 09:00:00,train,0.3830119705211983
2024-11-03 10:00:00,train,0.47292108851639236
2024-11-03 11:00:00,train,0.40534143121498933
2024-11-03 12:00:00,train,0.38404254960328166
2024-11-03 13:00:00,train,0.37923011960410213
2024-11-03 14:00:00,train,0.391961981788109
2024-11-03 15:00:00,train,0.3949127592937701
2024-11-03 16:00:00,train,0.3939360777446244
2024-11-03 17:00:00,train,0.3918399655275436
2024-11-03 18:00:00,train,0.39920038287086673
2024-11-03 19:00:00,train,0.42148137192571805
2024-11-03 20:00:00,train,0.4606819864994882
2024-11-03 21:00:00,train,0.37870553609306573
2024-11-03 22:00:00,train,0.4112923499234715
2024-11-03 23:00:00,train,0.3810351354688393
2024-11-04 00:00:00,train,0.4638587379069267
2024-11-04 01:00:00,train,0.5292741114697919
2024-11-04 02:00:00,train,0.5548665212265126
2024-11-04 03:00:00,train,0.5380676336814253
2024-11-04 04:00:00,train,0.53115343721015
2024-11-04 05:00:00,train,0.5060242066442046
2024-11-04 06:00:00,train,0.47670462459950047
2024-11-04 07:00:00,train,0.5362918367035443
2024-11-04 08:00:00,train,0.4931350203634647
2024-11-04 09:00:00,train,0.4976914702815033
2024-11-04 10:00:00,train,0.5481275986093879
2024-11-04 11:00:00,train,0.5455596618469953
2024-11-04 12:00:00,train,0.5029470136747264
2024-11-04 13:00:00,train,0.49298547714007773
2024-11-04 14:00:00,train,0.4848398837425554
2024-11-04 15:00:00,train,0.4880696757884577
2024-11-04 16:00:00,train,0.5216454566078497
2024-11-04 17:00:00,train,0.5378305151871333
2024-11-04 18:00:00,train,0.48910261593544474
2024-11-04 19:00:00,train,0.48605834983434576
2024-11-04 20:00:00,train,0.5143359621573347
2024-11-04 21:00:00,train,0.4805899752943733
2024-11-04 22:00:00,train,0.471003728036323
2024-11-04 23:00:00,train,0.48778443378555547
2024-11-05 00:00:00,train,0.486047386662535
2024-11-05 01:00:00,train,0.49065798938924277
2024-11-05 02:00:00,train,0.48106963454237955
2024-11-05 03:00:00,train,0.4725565604471087
2024-11-05 04:00:00,train,0.5063051294530925
2024-11-05 05:00:00,train,0.5094404890811928
2024-11-05 06:00:00,train,0.4657161218559474
2024-11-05 07:00:00,train,0.5039436916733728
2024-11-05 08:00:00,train,0.5442631086066443
2024-11-05 09:00:00,train,0.5016898643542056
2024-11-05 10:00:00,train,0.49393415190534534
2024-11-05 11:00:00,train,0.5119571769475012
2024-11-05 12:00:00,train,0.5122850788512939
2024-11-05 13:00:00,train,0.49765686554877936
2024-11-05 14:00:00,train,0.4920036048578432
2024-11-05 15:00:00,train,0.5075499273236999
2024-11-05 16:00:00,train,0.5283604243635451
2024-11-05 17:00:00,train,0.5133881067560444
2024-11-05 18:00:00,train,0.482956111571181
2024-11-05 19:00:00,train,0.4744385782320737
2024-11-05 20:00:00,train,0.4616992650713011
2024-11-05 21:00:00,train,0.5110323208984188
2024-11-05 22:00:00,train,0.45730388718735393
2024-11-05 23:00:00,train,0.46238380481825087
2024-11-06 00:00:00,train,0.46113807262983747
2024-11-06 01:00:00,train,0.47429780112978687
2024-11-06 02:00:00,train,0.5202680227604916
2024-11-06 03:00:00,train,0.46974559782894526
2024-11-06 04:00:00,train,0.5160482644486318
2024-11-06 05:00:00,train,0.5107641737014293
2024-11-06 06:00:00,train,0.474061163126027
2024-11-06 07:00:00,train,0.43592984610092467
2024-11-06 08:00:00,train,0.5037243519891617
2024-11-06 09:00:00,train,0.49483664887468526
2024-11-06 10:00:00,train,0.5153854100274691
2024-11-06 11:00:00,train,0.5087541577300685
2024-11-06 12:00:00,train,0.5181124585762428
2024-11-06 13:00:00,train,0.5392972991564254
2024-11-06 14:00:00,train,0.4799016868759306
2024-11-06 15:00:00,train,0.46232387744473175
2024-11-06 16:00:00,train,0.46519919149682737
2024-11-06 17:00:00,train,0.508278792245115
2024-11-06 18:00:00,train,0.4967842969555123
2024-11-06 19:00:00,train,0.4712652535327884
2024-11-06 20:00:00,train,0.47744991327097225
2024-11-06 21:00:00,train,0.48934006970841687
2024-11-06 22:00:00,train,0.498285885344118
2024-11-06 23:00:00,train,0.4712319031201327
2024-11-07 00:00:00,train,0.47527958421090805
2024-11-07 01:00:00,train,0.46202723827156783
2024-11-07 02:00:00,train,0.4749012166009784
2024-11-07 03:00:00,train,0.4781981020544619
2024-11-07 04:00:00,train,0.5322340618752276
2024-11-07 05:00:00,train,0.512717139893672
2024-11-07 06:00:00,train,0.5127974449386901
2024-11-07 07:00:00,train,0.5707913012441759
2024-11-07 08:00:00,train,0.5293889150144856
2024-11-07 09:00:00,train,0.5050940562991159
2024-11-07 10:00:00,train,0.4967587318361792
2024-11-07 11:00:00,train,0.5059189018677949
2024-11-07 12:00:00,train,0.5148717584225686
2024-11-07 13:00:00,train,0.5067471416495869
2024-11-07 14:00:00,train,0.4822358477338864
2024-11-07 15:00:00,train,0.4851277543433225
2024-11-07 16:00:00,train,0.4697837216019858
2024-11-07 17:00:00,train,0.47007963818795173
2024-11-07 18:00:00,train,0.4769995116689066
2024-11-07 19:00:00,train,0.4574989707055689
2024-11-07 20:00:00,train,0.4702651323971319
2024-11-07 21:00:00,train,0.4638981301096963
2024-11-07 22:00:00,train,0.4911750183120966
2024-11-07 23:00:00,train,0.4702532307086139
2024-11-08 00:00:00,train,0.4638145895305502
2024-11-08 01:00:00,train,0.48019036713726754
2024-11-08 02:00:00,train,0.4807074686720332
2024-11-08 03:00:00,train,0.47791620982335437
2024-11-08 04:00:00,train,0.5213188733162251
2024-11-08 05:00:00,train,0.539274728558829
2024-11-08 06:00:00,train,0.5111827636830915
2024-11-08 07:00:00,train,0.4531961132550445
2024-11-08 08:00:00,train,0.5206875582530245
2024-11-08 09:00:00,train,0.5512020121218563
2024-11-08 10:00:00,train,0.5329101340252326
2024-11-08 11:00:00,train,0.5017172567002438
2024-11-08 12:00:00,train,0.5283095233646442
2024-11-08 13:00:00,train,0.5096065237675232
2024-11-08 14:00:00,train,0.5319046289917493
2024-11-08 15:00:00,train,0.4937478011437099
2024-11-08 16:00:00,train,0.5053779876241011
2024-11-08 17:00:00,train,0.4722570121722599
2024-11-08 18:00:00,train,0.4701278664009195
2024-11-08 19:00:00,train,0.5250560770029059
2024-11-08 20:00:00,train,0.4874239425512538
2024-11-08 21:00:00,train,0.4877912675841769
2024-11-08 22:00:00,train,0.47279520402837727
2024-11-08 23:00:00,train,0.4529043022665899
2024-11-09 00:00:00,train,0.48498075482999053
2024-11-09 01:00:00,train,0.4698475985770418
2024-11-09 02:00:00,train,0.48740107438595
2024-11-09 03:00:00,train,0.5208989554604551
2024-11-09 04:00:00,train,0.5152202173991892
2024-11-09 05:00:00,train,0.5188249962344725
2024-11-09 06:00:00,train,0.46845342784446
2024-11-09 07:00:00,train,0.5359513293379246
2024-11-09 08:00:00,train,0.514855167865406
2024-11-09 09:00:00,train,0.4183283214846363
2024-11-09 10:00:00,train,0.4886495311484247
2024-11-09 11:00:00,train,0.4097798236797704
2024-11-09 12:00:00,train,0.39265141173373547
2024-11-09 13:00:00,train,0.40295596773278125
2024-11-09 14:00:00,train,0.40457386711975807
2024-11-09 15:00:00,train,0.437333101181221
2024-11-09 16:00:00,train,0.39677984781292336
2024-11-09 17:00:00,train,0.41763604403513316
2024-11-09 18:00:00,train,0.4441363861187301
2024-11-09 19:00:00,train,0.44495490724289904
2024-11-09 20:00:00,train,0.41916405289886643
2024-11-09 21:00:00,train,0.4687242158740342
2024-11-09 22:00:00,train,0.4193049516870013
2024-11-09 23:00:00,train,0.393573459568419
2024-11-10 00:00:00,train,0.4427978214848592
2024-11-10 01:00:00,train,0.5460825830195274
2024-11-10 02:00:00,train,0.5758833765691527
2024-11-10 03:00:00,train,0.5067713548821375
2024-11-10 04:00:00,train,0.5128679464603483
2024-11-10 05:00:00,train,0.49444803843797747
2024-11-10 06:00:00,train,0.4587993887958358
2024-11-10 07:00:00,train,0.4420564291891959
2024-11-10 08:00:00,train,0.48619115164963483
2024-11-10 09:00:00,train,0.47291158053008114
2024-11-10 10:00:00,train,0.4076151494935467
2024-11-10 11:00:00,train,0.40794386014610523
2024-11-10 12:00:00,train,0.3863618983621499
2024-11-10 13:00:00,train,0.39600538936558627
2024-11-10 14:00:00,train,0.38526959320015813
2024-11-10 15:00:00,train,0.40606922289506453
2024-11-10 16:00:00,train,0.42734705829071057
2024-11-10 17:00:00,train,0.40403576210338904
2024-11-10 18:00:00,train,0.41916167473768756
2024-11-10 19:00:00,train,0.4022580460630867
2024-11-10 20:00:00,train,0.3948941766339278
2024-11-10 21:00:00,train,0.4122760937597183
2024-11-10 22:00:00,train,0.40181833241196646
2024-11-10 23:00:00,train,0.4285296641746187
2024-11-11 00:00:00,train,0.5483250673113845
2024-11-11 01:00:00,train,0.5777458782767103
2024-11-11 02:00:00,train,0.5628933107447015
2024-11-11 03:00:00,train,0.5850549659319464
2024-11-11 04:00:00,train,0.5437677330174334
2024-11-11 05:00:00,train,0.5182800907859081
2024-11-11 06:00:00,train,0.4722614930112048
2024-11-11 07:00:00,train,0.47028945129766564
2024-11-11 08:00:00,train,0.4597076428718903
2024-11-11 09:00:00,train,0.5029658711485798
2024-11-11 10:00:00,train,0.5153191430557755
2024-11-11 11:00:00,train,0.5600322541636497
2024-11-11 12:00:00,train,0.5257754177570059
2024-11-11 13:00:00,train,0.5305966409057379
2024-11-11 14:00:00,train,0.5267316964156623
2024-11-11 15:00:00,train,0.48491084791826083
2024-11-11 16:00:00,train,0.4900050863576496
2024-11-11 17:00:00,train,0.527746554233637
2024-11-11 18:00:00,train,0.47589884214289185
2024-11-11 19:00:00,train,0.4860849855584121
2024-11-11 20:00:00,train,0.47330416435661155
2024-11-11 21:00:00,train,0.4843282856961837
2024-11-11 22:00:00,train,0.5097591580455133
2024-11-11 23:00:00,train,0.4929293160630621
2024-11-12 00:00:00,train,0.4737473254645606
2024-11-12 01:00:00,train,0.4786393887983192
2024-11-12 02:00:00,train,0.46391044654171143
2024-11-12 03:00:00,train,0.4668450519247168
2024-11-12 04:00:00,train,0.536842079803454
2024-11-12 05:00:00,train,0.5362788565715868
2024-11-12 06:00:00,train,0.5086195444683644
2024-11-12 07:00:00,train,0.4575303486428989
2024-11-12 08:00:00,train,0.49060270173593956
2024-11-11 09:00:00,last24,0.5029658711485798
2024-11-11 10:00:00,last24,0.5153191430557755
2024-11-11 11:00:00,last24,0.5600322541636497
2024-11-11 12:00:00,last24,0.5257754177570059
2024-11-11 13:00:00,last24,0.5305966409057379
2024-11-11 14:00:00,last24,0.5267316964156623
2024-11-11 15:00:00,last24,0.48491084791826083
2024-11-11 16:00:00,last24,0.4900050863576496
2024-11-11 17:00:00,last24,0.527746554233637
2024-11-11 18:00:00,last24,0.47589884214289185
2024-11-11 19:00:00,last24,0.4860849855584121
2024-11-11 20:00:00,last24,0.47330416435661155
2024-11-11 21:00:00,last24,0.4843282856961837
2024-11-11 22:00:00,last24,0.5097591580455133
2024-11-11 23:00:00,last24,0.4929293160630621
2024-11-12 00:00:00,last24,0.4737473254645606
2024-11-12 01:00:00,last24,0.4786393887983192
2024-11-12 02:00:00,last24,0.46391044654171143
2024-11-12 03:00:00,last24,0.4668450519247168
2024-11-12 04:00:00,last24,0.536842079803454
2024-11-12 05:00:00,last24,0.5362788565715868
2024-11-12 06:00:00,last24,0.5086195444683644
2024-11-12 07:00:00,last24,0.4575303486428989
2024-11-12 08:00:00,last24,0.49060270173593956
2024-11-12 09:00:00,forecast24,0.4395019704296309
2024-11-12 10:00:00,forecast24,0.4313785584252608
2024-11-12 11:00:00,forecast24,0.41923275675523575
2024-11-12 12:00:00,forecast24,0.3929676086747919
2024-11-12 13:00:00,forecast24,0.38190814444953464
2024-11-12 14:00:00,forecast24,0.3823699254352134
2024-11-12 15:00:00,forecast24,0.3876883463384437
2024-11-12 16:00:00,forecast24,0.3867434702164115
2024-11-12 17:00:00,forecast24,0.3788205169118503
2024-11-12 18:00:00,forecast24,0.3772347225775941
2024-11-12 19:00:00,forecast24,0.37257061534936775
2024-11-12 20:00:00,forecast24,0.3776475907807899
2024-11-12 21:00:00,forecast24,0.3776463664622204
2024-11-12 22:00:00,forecast24,0.37613964926956606
2024-11-12 23:00:00,forecast24,0.37610781064501175
2024-11-13 00:00:00,forecast24,0.4186158397348445
2024-11-13 01:00:00,forecast24,0.46834446774741156
2024-11-13 02:00:00,forecast24,0.4872944501467718
2024-11-13 03:00:00,forecast24,0.4879420605532085
2024-11-13 04:00:00,forecast24,0.49084761415036204
2024-11-13 05:00:00,forecast24,0.4860890282227287
2024-11-13 06:00:00,forecast24,0.47873865979789965
2024-11-13 07:00:00,forecast24,0.4601376467370517
2024-11-13 08:00:00,forecast24,0.45088875829055053
